sku,product_name,category,unit_cost,unit,active
SKU000001,monitorizar intermedia enfocado al cliente,Tecnología,6138.11,KG,True
SKU000002,estructura de precios 24 horas centrado en el usuario,Equipamiento,1149.61,KG,True
SKU000003,intranet estable horizontal,Alimentos secos,3642.55,UN,True
SKU000004,fidelidad compuesto visionario,Alimentos refrigerados,45280.46,LT,True
SKU000005,codificar multitarea personalizable,Productos de limpieza,13996.02,CJ,True
SKU000006,portal multiestado de primera línea,Bebidas,36195.29,CJ,True
SKU000007,fidelidad direccional exclusivo,Tecnología,40394.1,KG,True
SKU000008,arquitectura heurística de primera línea,Alimentos refrigerados,32983.24,LT,False
SKU000009,éxito estática actualizable,Insumos industriales,23404.53,UN,True
SKU000010,implementación radical administrado,Alimentos secos,20190.8,LT,True
SKU000011,website dedicada operativo,Productos de limpieza,9660.34,CJ,True
SKU000012,acceso acompasada totalmente configurable,Insumos industriales,9256.05,CJ,True
SKU000013,sistema abierto 4ta generación versátil,Alimentos refrigerados,22212.22,UN,True
SKU000014,sistema abierto homogénea llave pública,Alimentos secos,48452.91,KG,True
SKU000015,focus group compuesto enfocado a ganancias,Insumos industriales,24333.49,KG,False
SKU000016,producto basado en el contexto recontextualizado,Alimentos secos,8315.39,UN,False
SKU000017,marco de tiempo escalable centralizado,Suministros de oficina,46333.25,CJ,True
SKU000018,paralelismo potenciada avanzado,Insumos industriales,34859.92,CJ,True
SKU000019,arquitectura abierta compuesto proactivo,Productos de limpieza,14905.72,UN,True
SKU000020,soporte basado en el contexto de arquitectura abierta,Equipamiento,2952.55,CJ,True
SKU000021,intranet nueva generación ergonómico,Alimentos secos,48042.87,UN,True
SKU000022,focus group discreta con ingeniería inversa,Alimentos refrigerados,29792.25,KG,False
SKU000023,núcleo maximizada enfocado al cliente,Alimentos refrigerados,47085.65,KG,True
SKU000024,base de trabajo 5ta generación enfocado a ganancias,Alimentos refrigerados,21019.32,LT,True
SKU000025,utilización recíproca proactivo,Productos de limpieza,33519.33,LT,True
SKU000026,analista tolerante a fallos virtual,Suministros de oficina,19849.71,LT,False
SKU000027,base de datos global automatizado,Equipamiento,46458.01,UN,True
SKU000028,superestructura nueva generación compatible,Tecnología,31095.85,UN,True
SKU000029,solución híbrida totalmente configurable,Productos de limpieza,25343.65,KG,True
SKU000030,estructura de precios valor añadido personalizable,Alimentos refrigerados,43975.59,LT,True
SKU000031,fidelidad dinámica avanzado,Bebidas,21965.41,LT,True
SKU000032,conjunto valor añadido orgánico,Suministros de oficina,46594.63,UN,True
SKU000033,proyecto 4ta generación en toda la empresa,Suministros de oficina,5859.89,UN,True
SKU000034,fidelidad multiestado preventivo,Suministros de oficina,14159.64,KG,True
SKU000035,hardware holística mejorado,Productos de limpieza,34406.11,LT,False
SKU000036,aplicación estable distribuido,Suministros de oficina,45276.29,UN,True
SKU000037,focus group misión crítica enfocado a la calidad,Insumos industriales,41484.47,UN,True
SKU000038,monitorizar global open-source,Equipamiento,38578.85,LT,True
SKU000039,infraestructura homogénea descentralizado,Tecnología,27628.85,CJ,True
SKU000040,desafío basado en el contexto innovador,Alimentos refrigerados,3854.67,KG,True
SKU000041,política multiestado intuitivo,Equipamiento,29167.23,KG,False
SKU000042,productividad direccional operativo,Bebidas,2187.26,LT,True
SKU000043,interfaz gráfica 5ta generación llave pública,Equipamiento,10582.82,KG,True
SKU000044,implementación incremental multiplataforma,Equipamiento,39027.8,CJ,True
SKU000045,encriptar discreta enfocado a la calidad,Productos de limpieza,43243.82,KG,False
SKU000046,aplicación holística fundamental,Alimentos secos,9050.1,LT,False
SKU000047,metodologías tangible personalizable,Productos de limpieza,13413.6,UN,False
SKU000048,jerarquía escalable seguro,Alimentos secos,42943.8,KG,True
SKU000049,utilización regional intuitivo,Tecnología,17547.96,KG,True
SKU000050,website nueva generación realineado,Alimentos secos,33035.66,CJ,True
SKU000051,jerarquía maximizada optimizado,Suministros de oficina,43231.21,LT,True
SKU000052,producto 24 horas total,Insumos industriales,34007.95,LT,True
SKU000053,website alto nivel asimilado,Alimentos refrigerados,43864.22,LT,True
SKU000054,portal modular mejorado,Suministros de oficina,2009.03,CJ,True
SKU000055,acceso nacional persistente,Equipamiento,21876.05,UN,False
SKU000056,arquitectura motivadora de primera línea,Productos de limpieza,12810.65,CJ,True
SKU000057,productividad sistemática en red,Productos de limpieza,18274.65,UN,True
SKU000058,red de area local acompasada mandatorio,Equipamiento,33203.04,UN,True
SKU000059,inteligencia artificial ejecutiva intuitivo,Suministros de oficina,33377.96,LT,False
SKU000060,paralelismo radical ergonómico,Suministros de oficina,27765.18,KG,False
SKU000061,conglomeración tolerante a fallos operativo,Insumos industriales,33898.17,KG,True
SKU000062,interfaz gráfica sistemática multicanal,Insumos industriales,27442.07,UN,True
SKU000063,proceso de mejora monitorizada por red compatible,Suministros de oficina,10588.12,LT,False
SKU000064,fidelidad nacional compatible,Tecnología,22163.77,KG,False
SKU000065,solución 5ta generación configurable,Bebidas,32976.65,LT,True
SKU000066,algoritmo amplio abanico programable,Alimentos refrigerados,40939.33,KG,True
SKU000067,aplicación ejecutiva llave pública,Productos de limpieza,40347.49,KG,True
SKU000068,función discreta open-source,Alimentos secos,12317.64,CJ,True
SKU000069,red de area local nacional enfocado al negocio,Tecnología,20780.61,KG,False
SKU000070,función interactiva digitalizado,Tecnología,20042.68,KG,True
SKU000071,focus group direccional integrado,Alimentos refrigerados,38943.18,KG,True
SKU000072,base de trabajo coherente personalizable,Tecnología,2605.9,KG,True
SKU000073,interfaz valor añadido administrado,Tecnología,6753.62,CJ,True
SKU000074,proyecto multitarea diverso,Tecnología,30671.35,CJ,False
SKU000075,algoritmo orientado a objetos descentralizado,Bebidas,37208.41,CJ,False
SKU000076,concepto motivadora exclusivo,Suministros de oficina,37613.66,LT,False
SKU000077,medición local actualizable,Productos de limpieza,13802.41,UN,True
SKU000078,enfoque asíncrona multiplataforma,Productos de limpieza,13658.58,LT,True
SKU000079,fidelidad logística descentralizado,Bebidas,7626.45,CJ,True
SKU000080,flexibilidad móvil personalizable,Productos de limpieza,3305.02,CJ,True
SKU000081,conjunto de instrucciones sensible al contexto realineado,Tecnología,20847.13,KG,False
SKU000082,proceso de mejora sistemática opcional,Insumos industriales,45251.44,UN,False
SKU000083,previsión basado en el contexto total,Tecnología,394.21,LT,True
SKU000084,superestructura holística asimilado,Insumos industriales,42687.05,CJ,True
SKU000085,mediante valor añadido multiplataforma,Tecnología,11049.14,CJ,False
SKU000086,arquitectura abierta radical multicanal,Alimentos secos,19503.97,CJ,True
SKU000087,aplicación heurística multicanal,Tecnología,45985.13,UN,False
SKU000088,website holística organizado,Alimentos secos,4288.98,CJ,True
SKU000089,matrices asimétrica enfocado a la calidad,Tecnología,9168.28,LT,False
SKU000090,colaboración alto nivel organizado,Equipamiento,10661.85,LT,True
SKU000091,conglomeración 24 horas visionario,Insumos industriales,13985.01,CJ,True
SKU000092,contingencia intangible seguro,Alimentos refrigerados,23568.31,UN,True
SKU000093,proyecto dinámica polarizado,Productos de limpieza,32542.19,UN,True
SKU000094,complejidad secundaria reducido,Productos de limpieza,10048.1,UN,True
SKU000095,data-warehouse tolerancia cero digitalizado,Productos de limpieza,6398.43,UN,True
SKU000096,data-warehouse interactiva multicanal,Tecnología,35003.3,LT,True
SKU000097,jerarquía óptima open-source,Alimentos refrigerados,38911.82,KG,True
SKU000098,colaboración sensible al contexto asimilado,Alimentos refrigerados,28976.37,LT,False
SKU000099,arquitectura óptima opcional,Insumos industriales,47079.38,KG,True
SKU000100,jerarquía multitarea totalmente configurable,Productos de limpieza,5184.88,LT,True
SKU000101,conglomeración monitorizada por red personalizable,Alimentos secos,17425.47,CJ,True
SKU000102,sinergia potenciada mandatorio,Alimentos refrigerados,25347.44,LT,True
SKU000103,inteligencia artificial no-volátil reducido,Insumos industriales,41134.31,UN,False
SKU000104,actitud bifurcada virtual,Equipamiento,31815.7,CJ,True
SKU000105,array interactiva digitalizado,Insumos industriales,8889.23,LT,False
SKU000106,migración innovadora centrado en el usuario,Tecnología,21835.17,LT,True
SKU000107,analista acompasada enfocado a la calidad,Productos de limpieza,41553.48,UN,True
SKU000108,política holística clonado,Tecnología,12268.79,CJ,False
SKU000109,productividad sistémica extendido,Equipamiento,1532.13,LT,True
SKU000110,desafío regional llave pública,Tecnología,10684.78,LT,True
SKU000111,software orientada a soluciones universal,Suministros de oficina,44027.97,LT,True
SKU000112,orquestar amplio abanico multiplataforma,Productos de limpieza,4372.09,CJ,False
SKU000113,website híbrida seguro,Productos de limpieza,34561.41,CJ,False
SKU000114,actitud estática asimilado,Alimentos secos,4743.36,KG,False
SKU000115,concepto local basado en funcionalidad,Productos de limpieza,15379.68,LT,False
SKU000116,núcleo óptima programable,Equipamiento,21332.64,LT,True
SKU000117,superestructura compuesto multicanal,Tecnología,13618.73,LT,True
SKU000118,aprovechar misión crítica innovador,Alimentos refrigerados,36092.09,LT,True
SKU000119,previsión basado en contenido reactivo,Bebidas,9657.89,CJ,True
SKU000120,website discreta mandatorio,Suministros de oficina,49027.48,KG,True
SKU000121,gestión presupuestaria tolerante a fallos multi-capas,Productos de limpieza,18107.97,LT,True
SKU000122,contingencia vía web centrado en el usuario,Bebidas,13788.14,UN,True
SKU000123,firmware basado en el contexto operativo,Bebidas,31929.7,CJ,True
SKU000124,migración radical enfocado,Alimentos secos,28745.8,CJ,False
SKU000125,implementación radical horizontal,Tecnología,17101.23,UN,True
SKU000126,soporte secundaria perseverante,Tecnología,5792.95,UN,False
SKU000127,éxito 6ta generación multi-capas,Tecnología,3796.7,UN,True
SKU000128,caja de herramientas dedicada organizado,Bebidas,40575.99,LT,True
SKU000129,hardware local centrado en el usuario,Productos de limpieza,6010.73,CJ,True
SKU000130,algoritmo acompasada ergonómico,Insumos industriales,22580.67,CJ,True
SKU000131,colaboración 5ta generación multi-capas,Insumos industriales,15338.47,UN,True
SKU000132,arquitectura abierta neutral en red,Productos de limpieza,31313.2,LT,True
SKU000133,implementación 4ta generación centralizado,Bebidas,12069.27,UN,True
SKU000134,paradigma compuesto enfocado al cliente,Alimentos secos,20485.03,CJ,True
SKU000135,monitorizar óptima robusto,Alimentos secos,11650.66,LT,False
SKU000136,desafío multiestado open-source,Alimentos refrigerados,34400.51,LT,True
SKU000137,flexibilidad bidireccional perseverante,Insumos industriales,5827.34,KG,True
SKU000138,habilidad multimedia opcional,Suministros de oficina,41348.89,UN,True
SKU000139,definición explícita intuitivo,Bebidas,39652.17,LT,False
SKU000140,éxito cliente-servidor automatizado,Alimentos refrigerados,23488.03,LT,False
SKU000141,base del conocimiento holística opcional,Suministros de oficina,25073.56,CJ,False
SKU000142,interfaz gráfica incremental asimilado,Alimentos refrigerados,29942.03,CJ,True
SKU000143,fidelidad global enfocado al negocio,Suministros de oficina,1390.66,KG,True
SKU000144,paralelismo tiempo real realineado,Suministros de oficina,28854.72,KG,False
SKU000145,paralelismo innovadora programable,Tecnología,45812.03,KG,False
SKU000146,codificar generado por la demanda compartible,Tecnología,48455.86,CJ,True
SKU000147,analista orientada a soluciones proactivo,Insumos industriales,16732.09,UN,True
SKU000148,contingencia bidireccional fundamental,Equipamiento,20641.09,CJ,True
SKU000149,marco de tiempo sistémica totalmente configurable,Insumos industriales,40696.95,UN,False
SKU000150,moderador tangible multicanal,Alimentos refrigerados,15794.41,LT,True
SKU000151,acceso óptima fundamental,Insumos industriales,43259.04,UN,False
SKU000152,sinergia basado en contenido operativo,Insumos industriales,2804.78,LT,False
SKU000153,middleware compuesto centrado en el usuario,Tecnología,38023.53,KG,True
SKU000154,aplicación estática centralizado,Bebidas,46390.87,CJ,False
SKU000155,extranet 5ta generación basado en objetos,Alimentos refrigerados,1540.59,KG,True
SKU000156,estructura de precios tolerante a fallos horizontal,Suministros de oficina,27586.87,CJ,True
SKU000157,infraestructura recíproca expandido,Productos de limpieza,49613.63,UN,False
SKU000158,funcionalidad cohesiva exclusivo,Alimentos refrigerados,32420.71,KG,False
SKU000159,algoritmo tiempo real llave pública,Suministros de oficina,25492.71,LT,False
SKU000160,intranet transicional orientado a equipos,Tecnología,49014.21,KG,False
SKU000161,estrategia 6ta generación multiplataforma,Bebidas,19240.94,KG,True
SKU000162,data-warehouse didáctica multicanal,Suministros de oficina,38656.49,CJ,True
SKU000163,línea segura metódica mandatorio,Suministros de oficina,41045.42,LT,True
SKU000164,matrices coherente ergonómico,Tecnología,43276.5,CJ,False
SKU000165,gestión presupuestaria asimétrica reducido,Equipamiento,16688.75,CJ,False
SKU000166,concepto compuesto basado en funcionalidad,Equipamiento,43493.12,KG,False
SKU000167,groupware basado en contenido basado en objetos,Productos de limpieza,42815.05,CJ,True
SKU000168,solución homogénea automatizado,Equipamiento,37260.79,CJ,False
SKU000169,estrategia holística organizado,Bebidas,24816.9,UN,True
SKU000170,enfoque direccional totalmente configurable,Equipamiento,43498.05,CJ,True
SKU000171,interfaz global llave pública,Tecnología,865.85,KG,False
SKU000172,soporte discreta configurable,Bebidas,3833.93,LT,True
SKU000173,política interactiva enfocado a la calidad,Insumos industriales,32526.85,LT,False
SKU000174,estructura de precios bifurcada basado en objetos,Equipamiento,31377.28,CJ,True
SKU000175,portal didáctica asimilado,Alimentos refrigerados,11815.04,LT,True
SKU000176,base de datos 3ra generación diverso,Alimentos refrigerados,21755.18,UN,True
SKU000177,soporte híbrida enfocado a la calidad,Tecnología,8401.6,LT,True
SKU000178,red de area local orientada a soluciones integrado,Alimentos secos,16286.3,UN,True
SKU000179,intranet sistemática perseverante,Equipamiento,18804.57,KG,True
SKU000180,concepto orientada a soluciones totalmente configurable,Insumos industriales,28339.81,KG,True
SKU000181,estandarización coherente mandatorio,Bebidas,4040.52,CJ,True
SKU000182,base del conocimiento incremental perseverante,Tecnología,45650.17,KG,True
SKU000183,array neutral mejorado,Tecnología,31931.44,CJ,True
SKU000184,focus group asíncrona multiplataforma,Alimentos secos,44955.54,CJ,True
SKU000185,codificar optimizada clonado,Bebidas,3785.71,LT,True
SKU000186,data-warehouse ejecutiva integrado,Insumos industriales,34546.64,CJ,True
SKU000187,desafío 3ra generación recontextualizado,Productos de limpieza,49968.74,CJ,True
SKU000188,previsión intangible configurable,Productos de limpieza,19130.08,LT,True
SKU000189,infraestructura generada por el cliente mandatorio,Suministros de oficina,1194.79,CJ,True
SKU000190,array tangible distribuido,Alimentos secos,28339.86,UN,False
SKU000191,monitorizar regional integrado,Suministros de oficina,38809.47,KG,True
SKU000192,orquestar orientado a objetos administrado,Productos de limpieza,31867.23,LT,True
SKU000193,base de datos estática de primera línea,Alimentos refrigerados,45179.84,UN,True
SKU000194,adaptador ejecutiva optimizado,Tecnología,1764.89,LT,True
SKU000195,iniciativa multimedia opcional,Alimentos refrigerados,45490.43,LT,False
SKU000196,soporte generado por la demanda multilateral,Bebidas,10119.66,LT,True
SKU000197,infraestructura intangible polarizado,Bebidas,12922.81,CJ,True
SKU000198,medición 4ta generación basado en objetos,Equipamiento,40231.2,CJ,True
SKU000199,base de datos 3ra generación llave pública,Bebidas,37732.16,KG,False
SKU000200,núcleo no-volátil con ingeniería inversa,Equipamiento,4606.11,CJ,True
SKU000201,encriptar tolerancia cero multiplataforma,Suministros de oficina,26874.96,CJ,True
SKU000202,política estable implementado,Suministros de oficina,29269.55,LT,True
SKU000203,capacidad escalable basado en objetos,Productos de limpieza,23626.7,LT,True
SKU000204,fuerza de trabajo local de primera línea,Alimentos refrigerados,31806.66,CJ,True
SKU000205,política 3ra generación configurable,Insumos industriales,5922.13,UN,True
SKU000206,interfaz gráfica optimizada organizado,Suministros de oficina,49796.78,UN,True
SKU000207,contingencia explícita multicanal,Productos de limpieza,44374.24,KG,False
SKU000208,concepto modular implementado,Tecnología,18613.47,CJ,True
SKU000209,proceso de mejora sistémica expandido,Insumos industriales,32780.6,CJ,False
SKU000210,adaptador 24 horas versátil,Suministros de oficina,1732.54,LT,True
SKU000211,implementación holística opcional,Tecnología,22290.32,KG,True
SKU000212,proceso de mejora 4ta generación multi-capas,Alimentos refrigerados,49048.29,LT,True
SKU000213,website amplio abanico actualizable,Alimentos secos,19967.17,KG,True
SKU000214,arquitectura abierta misión crítica enfocado a ganancias,Tecnología,4674.5,KG,True
SKU000215,jerarquía uniforme inverso,Alimentos secos,39361.05,KG,True
SKU000216,fidelidad escalable expandido,Productos de limpieza,3523.65,KG,True
SKU000217,desafío ejecutiva innovador,Productos de limpieza,16495.12,KG,True
SKU000218,línea segura modular virtual,Suministros de oficina,42934.47,KG,True
SKU000219,middleware óptima compartible,Suministros de oficina,39945.84,UN,True
SKU000220,alianza bidireccional orgánico,Bebidas,841.53,KG,True
SKU000221,focus group dedicada centrado en el usuario,Alimentos secos,8794.89,UN,True
SKU000222,base del conocimiento modular implementado,Insumos industriales,26351.67,UN,False
SKU000223,colaboración generada por el cliente orientado a equipos,Tecnología,38923.05,UN,False
SKU000224,software didáctica mandatorio,Productos de limpieza,47276.24,UN,True
SKU000225,moderador vía web cara a cara,Tecnología,32202.7,UN,True
SKU000226,algoritmo multiestado operativo,Tecnología,42380.2,CJ,True
SKU000227,soporte multitarea integrado,Tecnología,35648.83,CJ,True
SKU000228,software potenciada implementado,Alimentos refrigerados,16173.38,KG,True
SKU000229,jerarquía generado por la demanda implementado,Bebidas,13823.3,LT,False
SKU000230,analista vía web realineado,Suministros de oficina,22740.4,CJ,True
SKU000231,política 6ta generación versátil,Alimentos refrigerados,42654.36,KG,False
SKU000232,groupware logística ergonómico,Tecnología,44415.74,CJ,True
SKU000233,proceso de mejora nacional con ingeniería inversa,Tecnología,19996.64,UN,True
SKU000234,encriptar basado en el contexto integrado,Insumos industriales,15694.93,LT,True
SKU000235,proyección interactiva programable,Bebidas,34372.37,CJ,True
SKU000236,flexibilidad dedicada organizado,Alimentos refrigerados,41605.42,UN,False
SKU000237,complejidad 6ta generación robusto,Alimentos refrigerados,37254.99,LT,True
SKU000238,conjunto de instrucciones vía web centralizado,Alimentos secos,29364.61,LT,True
SKU000239,caja de herramientas basado en el contexto visionario,Insumos industriales,17744.54,CJ,True
SKU000240,extranet heurística en red,Suministros de oficina,30060.46,LT,True
SKU000241,monitorizar recíproca intuitivo,Productos de limpieza,7821.04,CJ,True
SKU000242,hardware 6ta generación visionario,Alimentos refrigerados,17570.69,LT,True
SKU000243,base del conocimiento holística orientado a equipos,Suministros de oficina,28747.59,CJ,True
SKU000244,implementación no-volátil sincronizado,Suministros de oficina,1544.76,LT,True
SKU000245,superestructura multimedia mandatorio,Equipamiento,17616.07,KG,True
SKU000246,paradigma generada por el cliente organizado,Insumos industriales,3572.31,UN,True
SKU000247,solución local en toda la empresa,Productos de limpieza,18872.1,CJ,True
SKU000248,paradigma logística mandatorio,Bebidas,18565.65,LT,True
SKU000249,utilización defectos cero configurable,Alimentos secos,7863.44,UN,True
SKU000250,utilización móvil de tamaño adecuado,Suministros de oficina,22211.34,CJ,False
SKU000251,website uniforme recontextualizado,Tecnología,20767.77,KG,True
SKU000252,línea segura holística implementado,Equipamiento,21552.69,LT,False
SKU000253,soporte multimedia horizontal,Suministros de oficina,2366.33,CJ,True
SKU000254,acceso analizada centralizado,Alimentos secos,10300.71,KG,True
SKU000255,monitorizar valor añadido configurable,Suministros de oficina,14543.41,UN,True
SKU000256,website holística asimilado,Tecnología,37376.0,KG,True
SKU000257,habilidad compuesto actualizable,Insumos industriales,26675.86,KG,True
SKU000258,enfoque defectos cero seguro,Alimentos refrigerados,19913.85,UN,False
SKU000259,complejidad nueva generación orientado a equipos,Alimentos secos,23041.74,UN,True
SKU000260,arquitectura tolerancia cero versátil,Insumos industriales,28712.64,CJ,True
SKU000261,definición regional cara a cara,Alimentos refrigerados,20311.11,LT,True
SKU000262,mediante ejecutiva compatible,Tecnología,41618.09,LT,True
SKU000263,portal 24/7 universal,Insumos industriales,42239.77,KG,False
SKU000264,hardware intangible expandido,Insumos industriales,26245.73,CJ,True
SKU000265,jerarquía acompasada ergonómico,Equipamiento,11156.45,KG,True
SKU000266,soporte modular enfocado a la calidad,Alimentos refrigerados,26577.18,KG,True
SKU000267,intranet motivadora cara a cara,Equipamiento,36396.22,KG,True
SKU000268,utilización tangible multicanal,Alimentos refrigerados,7407.57,KG,True
SKU000269,función nacional avanzado,Bebidas,38034.74,UN,True
SKU000270,acceso generada por el cliente enfocado a ganancias,Tecnología,23251.26,CJ,True
SKU000271,interfaz gráfica coherente implementado,Equipamiento,7632.77,UN,False
SKU000272,soporte metódica totalmente configurable,Tecnología,31606.12,LT,True
SKU000273,orquestar 6ta generación digitalizado,Equipamiento,25416.11,LT,False
SKU000274,implementación 5ta generación llave pública,Tecnología,1976.6,LT,True
SKU000275,analista tiempo real exclusivo,Alimentos refrigerados,32268.86,UN,False
SKU000276,gestión presupuestaria regional versátil,Tecnología,29058.44,UN,False
SKU000277,focus group cohesiva enfocado a ganancias,Productos de limpieza,16144.19,CJ,True
SKU000278,codificar discreta innovador,Alimentos secos,22581.1,LT,True
SKU000279,intranet óptima perseverante,Bebidas,2053.19,CJ,False
SKU000280,estandarización orientado a objetos reactivo,Bebidas,18258.51,LT,False
SKU000281,complejidad tolerancia cero virtual,Insumos industriales,38745.79,UN,True
SKU000282,jerarquía vía web robusto,Alimentos refrigerados,16551.57,CJ,True
SKU000283,fidelidad dinámica compatible,Suministros de oficina,36214.31,KG,True
SKU000284,moderador escalable digitalizado,Alimentos refrigerados,29178.7,KG,True
SKU000285,archivo potenciada multiplataforma,Suministros de oficina,48388.06,CJ,True
SKU000286,instalación 6ta generación realineado,Alimentos refrigerados,15548.14,CJ,True
SKU000287,funcionalidad orientada a soluciones llave pública,Bebidas,33538.81,UN,False
SKU000288,estructura vía web implementado,Equipamiento,1009.7,LT,True
SKU000289,fidelidad terciaria realineado,Productos de limpieza,17152.44,CJ,True
SKU000290,complejidad orientado a objetos centralizado,Productos de limpieza,49998.83,KG,True
SKU000291,focus group logística inverso,Suministros de oficina,42236.98,UN,True
SKU000292,hardware potenciada orientado a equipos,Equipamiento,43832.0,KG,False
SKU000293,firmware tiempo real digitalizado,Bebidas,8196.14,KG,False
SKU000294,estrategia global realineado,Alimentos secos,20601.84,KG,False
SKU000295,colaboración terciaria robusto,Suministros de oficina,37644.32,CJ,True
SKU000296,mediante nacional robusto,Productos de limpieza,15542.45,CJ,True
SKU000297,migración alto nivel orgánico,Equipamiento,33947.51,CJ,False
SKU000298,interfaz gráfica misión crítica diverso,Suministros de oficina,38928.39,CJ,True
SKU000299,base del conocimiento optimizada automatizado,Productos de limpieza,40082.84,KG,True
SKU000300,solución radical enfocado a ganancias,Alimentos secos,32094.83,LT,True
SKU000301,marco de tiempo heurística exclusivo,Alimentos refrigerados,14324.64,KG,True
SKU000302,paralelismo sensible al contexto horizontal,Tecnología,45274.78,KG,False
SKU000303,instalación generada por el cliente operativo,Alimentos refrigerados,47326.02,KG,False
SKU000304,orquestar no-volátil ergonómico,Equipamiento,46530.55,CJ,True
SKU000305,portal sistemática clonado,Insumos industriales,25150.16,KG,False
SKU000306,archivo metódica centrado en el usuario,Alimentos refrigerados,18808.14,UN,True
SKU000307,analista cohesiva distribuido,Alimentos refrigerados,41974.9,LT,True
SKU000308,intranet maximizada clonado,Bebidas,2011.33,CJ,True
SKU000309,estructura de precios radical integrado,Tecnología,22485.21,UN,True
SKU000310,complejidad óptima multi-capas,Alimentos secos,12870.6,KG,False
SKU000311,productividad basado en necesidades ergonómico,Alimentos refrigerados,38831.01,KG,True
SKU000312,medición sensible al contexto enfocado a la calidad,Alimentos refrigerados,2482.7,CJ,False
SKU000313,desafío monitorizada por red multicanal,Alimentos refrigerados,5631.81,CJ,True
SKU000314,actitud dedicada preventivo,Productos de limpieza,35955.36,LT,False
SKU000315,circuito 6ta generación multi-capas,Alimentos secos,30779.0,KG,False
SKU000316,proceso de mejora neutral implementado,Bebidas,33252.13,UN,True
SKU000317,codificar 6ta generación robusto,Alimentos refrigerados,47674.84,UN,False
SKU000318,portal monitorizada por red seguro,Tecnología,2272.37,CJ,True
SKU000319,matrices intangible administrado,Suministros de oficina,37391.1,LT,True
SKU000320,analista sensible al contexto basado en objetos,Equipamiento,12132.18,UN,True
SKU000321,monitorizar interactiva asimilado,Bebidas,2312.35,LT,True
SKU000322,codificar no-volátil enfocado a ganancias,Tecnología,49042.88,CJ,True
SKU000323,focus group regional mejorado,Bebidas,3248.72,CJ,True
SKU000324,intranet tolerancia cero en toda la empresa,Suministros de oficina,10159.39,KG,True
SKU000325,modelo cliente-servidor distribuido,Equipamiento,46675.21,CJ,False
SKU000326,instalación monitorizada por red compartible,Suministros de oficina,1927.38,KG,True
SKU000327,aplicación terciaria enfocado al cliente,Equipamiento,43120.71,UN,True
SKU000328,desafío intermedia programable,Suministros de oficina,6311.3,LT,False
SKU000329,línea segura ejecutiva balanceado,Insumos industriales,37191.05,CJ,True
SKU000330,soporte tolerante a fallos mandatorio,Bebidas,24860.54,CJ,True
SKU000331,estructura de precios intermedia enfocado al negocio,Suministros de oficina,40077.29,CJ,True
SKU000332,desafío nueva generación realineado,Insumos industriales,30162.42,KG,True
SKU000333,línea segura maximizada totalmente configurable,Equipamiento,5219.64,LT,True
SKU000334,estructura de precios orientada a soluciones perseverante,Suministros de oficina,22351.2,CJ,True
SKU000335,estructura de precios didáctica actualizable,Tecnología,17642.19,UN,True
SKU000336,groupware explícita configurable,Insumos industriales,13800.31,UN,True
SKU000337,estructura de precios optimizada totalmente configurable,Insumos industriales,18229.23,KG,True
SKU000338,enfoque defectos cero multi-capas,Bebidas,42448.6,CJ,True
SKU000339,arquitectura intangible administrado,Bebidas,3454.94,LT,True
SKU000340,previsión basado en necesidades optimizado,Insumos industriales,47478.41,UN,True
SKU000341,metodologías 6ta generación actualizable,Tecnología,47446.29,LT,False
SKU000342,aprovechar asíncrona mandatorio,Alimentos refrigerados,28738.7,LT,False
SKU000343,arquitectura móvil multiplataforma,Equipamiento,32513.08,KG,True
SKU000344,infraestructura 4ta generación recontextualizado,Alimentos secos,36810.18,CJ,False
SKU000345,soporte sistemática orientado a equipos,Alimentos refrigerados,13162.66,LT,False
SKU000346,website intermedia realineado,Productos de limpieza,49818.62,LT,False
SKU000347,proceso de mejora intermedia enfocado al negocio,Productos de limpieza,6219.61,UN,False
SKU000348,previsión 4ta generación en red,Bebidas,44944.08,CJ,True
SKU000349,algoritmo holística multilateral,Equipamiento,33425.21,UN,True
SKU000350,adaptador metódica asimilado,Suministros de oficina,42582.97,KG,True
SKU000351,moderador potenciada adaptativo,Productos de limpieza,6155.99,KG,True
SKU000352,matrices bidireccional descentralizado,Productos de limpieza,39539.62,UN,True
SKU000353,acceso interactiva llave pública,Equipamiento,23423.55,KG,True
SKU000354,emulación sistemática de primera línea,Alimentos refrigerados,15533.61,CJ,False
SKU000355,utilización acompasada enfocado a ganancias,Insumos industriales,41184.64,UN,True
SKU000356,funcionalidad móvil compatible,Equipamiento,32152.7,CJ,False
SKU000357,instalación 24 horas total,Equipamiento,6503.9,KG,True
SKU000358,previsión monitorizada por red robusto,Insumos industriales,25192.9,UN,True
SKU000359,interfaz estática descentralizado,Bebidas,15275.81,KG,True
SKU000360,moderador heurística basado en funcionalidad,Productos de limpieza,17366.55,LT,True
SKU000361,array explícita integrado,Suministros de oficina,9895.47,LT,True
SKU000362,paralelismo basado en contenido extendido,Suministros de oficina,30759.97,UN,True
SKU000363,funcionalidad valor añadido diverso,Bebidas,8642.91,LT,True
SKU000364,arquitectura nacional distribuido,Alimentos secos,4153.02,LT,True
SKU000365,soporte bidireccional asimilado,Insumos industriales,30943.61,UN,False
SKU000366,proceso de mejora metódica exclusivo,Suministros de oficina,32131.17,LT,False
SKU000367,estructura basado en contenido orientado a equipos,Productos de limpieza,40253.94,CJ,True
SKU000368,migración recíproca opcional,Tecnología,3741.35,UN,True
SKU000369,soporte sistémica multiplataforma,Tecnología,20839.53,CJ,True
SKU000370,paradigma optimizada versátil,Equipamiento,30372.35,LT,True
SKU000371,productividad tangible optimizado,Equipamiento,48771.17,KG,True
SKU000372,fidelidad basado en contenido organizado,Alimentos refrigerados,16023.88,CJ,True
SKU000373,complejidad 3ra generación multi-capas,Suministros de oficina,22534.84,KG,True
SKU000374,mediante no-volátil distribuido,Alimentos secos,14581.58,CJ,False
SKU000375,archivo holística clonado,Productos de limpieza,48138.02,KG,True
SKU000376,mediante acompasada preventivo,Equipamiento,9572.72,KG,False
SKU000377,emulación 24 horas personalizable,Tecnología,24988.11,LT,False
SKU000378,estructura de precios didáctica multi-capas,Alimentos secos,4593.45,CJ,False
SKU000379,colaboración tolerancia cero diverso,Productos de limpieza,10835.71,LT,True
SKU000380,sistema abierto incremental open-source,Alimentos secos,14139.68,CJ,True
SKU000381,emulación ejecutiva en toda la empresa,Alimentos secos,42373.9,CJ,True
SKU000382,encriptar logística digitalizado,Suministros de oficina,36402.65,CJ,True
SKU000383,núcleo orientada a soluciones inverso,Alimentos secos,20089.02,KG,True
SKU000384,estandarización dinámica multiplataforma,Suministros de oficina,3769.23,CJ,True
SKU000385,actitud cliente-servidor cara a cara,Alimentos refrigerados,6520.3,UN,False
SKU000386,colaboración escalable exclusivo,Equipamiento,39765.37,LT,True
SKU000387,matrices global fundamental,Bebidas,10032.99,CJ,True
SKU000388,superestructura interactiva inverso,Alimentos secos,2041.81,LT,False
SKU000389,protocolo 24 horas realineado,Tecnología,7532.14,KG,True
SKU000390,proceso de mejora discreta organizado,Equipamiento,8208.85,LT,True
SKU000391,núcleo alto nivel preventivo,Tecnología,35466.12,LT,False
SKU000392,algoritmo transicional universal,Alimentos secos,18481.05,UN,False
SKU000393,software amplio abanico perseverante,Suministros de oficina,39858.07,UN,False
SKU000394,base de datos holística distribuido,Suministros de oficina,48356.83,KG,True
SKU000395,red de area local híbrida configurable,Tecnología,8608.55,CJ,True
SKU000396,encriptar tolerante a fallos de primera línea,Productos de limpieza,1675.37,UN,True
SKU000397,adaptador acompasada monitoreado,Alimentos secos,22107.82,CJ,True
SKU000398,caja de herramientas 5ta generación virtual,Insumos industriales,34555.96,CJ,False
SKU000399,soporte tiempo real implementado,Alimentos secos,35318.18,KG,True
SKU000400,núcleo direccional clonado,Tecnología,26321.31,LT,True
SKU000401,solución ejecutiva robusto,Tecnología,45615.0,LT,True
SKU000402,protocolo secundaria extendido,Suministros de oficina,30542.82,KG,True
SKU000403,moderador vía web inverso,Suministros de oficina,27948.52,KG,True
SKU000404,flexibilidad dedicada compatible,Suministros de oficina,35274.56,CJ,True
SKU000405,colaboración regional automatizado,Tecnología,17505.28,LT,True
SKU000406,sistema abierto óptima proactivo,Alimentos refrigerados,28716.49,CJ,False
SKU000407,portal analizada innovador,Equipamiento,47734.98,KG,True
SKU000408,colaboración discreta diverso,Alimentos secos,14452.75,UN,True
SKU000409,base de datos motivadora totalmente configurable,Tecnología,32833.01,CJ,True
SKU000410,circuito 24 horas fundamental,Productos de limpieza,41414.79,LT,True
SKU000411,website homogénea extendido,Bebidas,5550.41,KG,True
SKU000412,base de datos 6ta generación visionario,Alimentos secos,33524.71,KG,True
SKU000413,metodologías cliente-servidor enfocado al negocio,Alimentos secos,5099.88,LT,False
SKU000414,núcleo neutral intuitivo,Alimentos refrigerados,34091.48,KG,True
SKU000415,fidelidad tolerante a fallos de primera línea,Bebidas,20404.68,CJ,False
SKU000416,producto orientada a soluciones realineado,Productos de limpieza,37819.96,LT,True
SKU000417,aprovechar bifurcada centrado en el usuario,Suministros de oficina,32330.31,UN,True
SKU000418,marco de tiempo cliente-servidor en toda la empresa,Alimentos secos,45670.16,KG,False
SKU000419,infraestructura tolerancia cero balanceado,Bebidas,46702.74,UN,False
SKU000420,éxito multimedia intuitivo,Tecnología,9396.95,LT,True
SKU000421,proceso de mejora nueva generación robusto,Alimentos secos,14989.77,UN,True
SKU000422,soporte sistemática ergonómico,Suministros de oficina,22772.02,CJ,True
SKU000423,matrices misión crítica optimizado,Tecnología,13714.57,UN,True
SKU000424,matrices recíproca multi-capas,Bebidas,36582.85,LT,True
SKU000425,marco de tiempo basado en el contexto visionario,Alimentos secos,36857.23,LT,True
SKU000426,habilidad multiestado seguro,Bebidas,30586.63,CJ,False
SKU000427,contingencia local clonado,Equipamiento,4428.21,UN,True
SKU000428,marco de tiempo innovadora expandido,Bebidas,23924.96,KG,True
SKU000429,alianza optimizada horizontal,Suministros de oficina,19240.36,CJ,True
SKU000430,base de datos cohesiva proactivo,Equipamiento,15167.1,UN,True
SKU000431,medición motivadora multicanal,Equipamiento,34669.15,UN,True
SKU000432,paradigma 3ra generación personalizable,Tecnología,15409.64,CJ,True
SKU000433,mediante metódica mejorado,Alimentos refrigerados,31971.7,LT,True
SKU000434,núcleo tolerante a fallos proactivo,Productos de limpieza,11034.52,KG,False
SKU000435,conjunto de instrucciones 4ta generación basado en objetos,Bebidas,22803.44,LT,False
SKU000436,paradigma óptima automatizado,Tecnología,37891.79,KG,True
SKU000437,jerarquía cohesiva preventivo,Alimentos refrigerados,26322.78,LT,True
SKU000438,archivo tolerancia cero compartible,Alimentos refrigerados,3181.73,KG,True
SKU000439,firmware generado por la demanda enfocado a ganancias,Bebidas,16473.07,CJ,True
SKU000440,sinergia bidireccional persistente,Productos de limpieza,35874.21,CJ,True
SKU000441,analista 4ta generación configurable,Tecnología,40453.73,CJ,True
SKU000442,contingencia bifurcada basado en funcionalidad,Insumos industriales,22894.24,UN,False
SKU000443,encriptar 3ra generación implementado,Suministros de oficina,36191.68,CJ,True
SKU000444,fidelidad bidireccional versátil,Alimentos secos,37315.64,UN,True
SKU000445,emulación multimedia centrado en el usuario,Insumos industriales,17291.99,UN,True
SKU000446,arquitectura heurística multiplataforma,Alimentos refrigerados,49308.25,CJ,True
SKU000447,política bifurcada actualizable,Suministros de oficina,20502.46,KG,False
SKU000448,conjunto intangible de arquitectura abierta,Equipamiento,49643.54,CJ,False
SKU000449,arquitectura logística cara a cara,Insumos industriales,18844.71,KG,True
SKU000450,software orientada a soluciones multilateral,Alimentos refrigerados,9005.83,CJ,True
SKU000451,interfaz gráfico de usuario compuesto enfocado al cliente,Productos de limpieza,41757.6,UN,True
SKU000452,conjunto de instrucciones 24 horas monitoreado,Tecnología,33707.64,CJ,False
SKU000453,orquestar discreta compartible,Productos de limpieza,12450.85,LT,True
SKU000454,complejidad 24/7 descentralizado,Suministros de oficina,9505.17,UN,True
SKU000455,circuito nacional progresivo,Insumos industriales,30784.67,UN,True
SKU000456,implementación innovadora diverso,Productos de limpieza,3457.82,UN,False
SKU000457,alianza multiestado realineado,Alimentos secos,12312.23,UN,False
SKU000458,monitorizar discreta automatizado,Tecnología,11793.53,KG,True
SKU000459,caja de herramientas orientado a objetos seguro,Bebidas,25244.4,LT,True
SKU000460,alianza tolerante a fallos realineado,Equipamiento,28915.99,LT,True
SKU000461,hardware bidireccional llave pública,Suministros de oficina,43825.29,KG,False
SKU000462,modelo incremental cara a cara,Suministros de oficina,13830.18,KG,False
SKU000463,implementación nueva generación fundamental,Tecnología,2439.52,LT,False
SKU000464,metodologías ejecutiva recontextualizado,Equipamiento,34845.79,CJ,True
SKU000465,gestión presupuestaria holística recontextualizado,Suministros de oficina,18885.36,CJ,True
SKU000466,website tolerante a fallos integrado,Productos de limpieza,15106.75,KG,False
SKU000467,arquitectura basado en necesidades adaptativo,Alimentos secos,28163.06,CJ,True
SKU000468,conglomeración 3ra generación basado en funcionalidad,Insumos industriales,12218.64,KG,True
SKU000469,conjunto maximizada open-source,Alimentos refrigerados,46119.08,LT,True
SKU000470,conglomeración heurística open-source,Productos de limpieza,2671.68,CJ,True
SKU000471,implementación incremental proactivo,Alimentos refrigerados,9489.35,KG,False
SKU000472,utilización regional enfocado,Productos de limpieza,43486.75,LT,True
SKU000473,definición secundaria con ingeniería inversa,Alimentos secos,10669.21,KG,True
SKU000474,productividad dedicada en toda la empresa,Tecnología,45730.62,KG,False
SKU000475,archivo nueva generación enfocado al negocio,Productos de limpieza,27648.76,LT,False
SKU000476,base del conocimiento basado en contenido basado en funcionalidad,Tecnología,26729.14,LT,True
SKU000477,base de datos escalable de tamaño adecuado,Suministros de oficina,18046.27,CJ,False
SKU000478,iniciativa analizada adaptativo,Alimentos refrigerados,40160.55,CJ,True
SKU000479,protocolo 24/7 personalizable,Productos de limpieza,18598.18,CJ,True
SKU000480,sistema abierto orientada a soluciones con ingeniería inversa,Productos de limpieza,37088.49,UN,True
SKU000481,política dinámica de tamaño adecuado,Insumos industriales,14830.1,KG,True
SKU000482,infraestructura cohesiva digitalizado,Productos de limpieza,19054.0,KG,False
SKU000483,base del conocimiento interactiva intuitivo,Equipamiento,12940.61,CJ,False
SKU000484,firmware bifurcada implementado,Tecnología,8494.86,LT,True
SKU000485,enfoque secundaria versátil,Bebidas,36043.65,CJ,True
SKU000486,paralelismo intermedia multicanal,Alimentos secos,26244.83,UN,True
SKU000487,moderador recíproca organizado,Alimentos secos,20678.37,KG,True
SKU000488,monitorizar incremental descentralizado,Bebidas,556.16,CJ,True
SKU000489,interfaz gráfica metódica universal,Alimentos secos,30929.98,CJ,False
SKU000490,sinergia 5ta generación orgánico,Alimentos secos,429.96,CJ,True
SKU000491,migración basado en contenido cara a cara,Alimentos secos,26517.94,LT,True
SKU000492,monitorizar metódica diverso,Alimentos secos,25160.58,CJ,True
SKU000493,conjunto de instrucciones local centrado en el usuario,Alimentos refrigerados,45910.64,KG,True
SKU000494,sistema abierto cliente-servidor virtual,Productos de limpieza,31027.06,LT,True
SKU000495,fuerza de trabajo móvil multilateral,Suministros de oficina,39767.32,UN,True
SKU000496,red de area local multitarea recontextualizado,Insumos industriales,23003.99,KG,True
SKU000497,caja de herramientas dedicada enfocado,Suministros de oficina,34233.68,UN,True
SKU000498,data-warehouse tolerancia cero fundamental,Alimentos refrigerados,20323.39,CJ,False
SKU000499,base de datos basado en necesidades compatible,Alimentos secos,31873.73,KG,True
SKU000500,interfaz cohesiva basado en funcionalidad,Tecnología,42281.96,LT,True
